Modelo,Acuracia,Precisao,Recall,F1_Score,ROC_AUC
Logistic Regression,0.825,0.7209302325581395,0.8493150684931506,0.779874213836478,0.8922446338043362
XGBoost,0.92,0.88,0.9041095890410958,0.8918918918918919,0.9266530039909395
